"Model","Recall","Precision","PRAUC"
"LASSO",0,0,0.222146674037211
"LASSO",0.0101010101010101,0.322712418300654,0.222146674037211
"LASSO",0.0202020202020202,0.451828895010713,0.222146674037211
"LASSO",0.0303030303030303,0.480945821854913,0.222146674037211
"LASSO",0.0404040404040404,0.512192189021457,0.222146674037211
"LASSO",0.0505050505050505,0.510027600647018,0.222146674037211
"LASSO",0.0606060606060606,0.509126837868245,0.222146674037211
"LASSO",0.0707070707070707,0.481172509754144,0.222146674037211
"LASSO",0.0808080808080808,0.468393811644097,0.222146674037211
"LASSO",0.0909090909090909,0.448339138350164,0.222146674037211
"LASSO",0.101010101010101,0.434733490457595,0.222146674037211
"LASSO",0.111111111111111,0.442083025763214,0.222146674037211
"LASSO",0.121212121212121,0.445069403088541,0.222146674037211
"LASSO",0.131313131313131,0.437685998665872,0.222146674037211
"LASSO",0.141414141414141,0.433741522429305,0.222146674037211
"LASSO",0.151515151515152,0.43542621284661,0.222146674037211
"LASSO",0.161616161616162,0.409677608832976,0.222146674037211
"LASSO",0.171717171717172,0.400637777482446,0.222146674037211
"LASSO",0.181818181818182,0.388937974811099,0.222146674037211
"LASSO",0.191919191919192,0.377800595331925,0.222146674037211
"LASSO",0.202020202020202,0.379825023755449,0.222146674037211
"LASSO",0.212121212121212,0.386175804571664,0.222146674037211
"LASSO",0.222222222222222,0.36613231377799,0.222146674037211
"LASSO",0.232323232323232,0.353130555605679,0.222146674037211
"LASSO",0.242424242424242,0.342659239705322,0.222146674037211
"LASSO",0.252525252525253,0.321545613621215,0.222146674037211
"LASSO",0.262626262626263,0.316347335685376,0.222146674037211
"LASSO",0.272727272727273,0.30308399259912,0.222146674037211
"LASSO",0.282828282828283,0.287216007528421,0.222146674037211
"LASSO",0.292929292929293,0.282788229256631,0.222146674037211
"LASSO",0.303030303030303,0.281040864361342,0.222146674037211
"LASSO",0.313131313131313,0.273081323918514,0.222146674037211
"LASSO",0.323232323232323,0.271175633755172,0.222146674037211
"LASSO",0.333333333333333,0.270926988776859,0.222146674037211
"LASSO",0.343434343434343,0.269296383392419,0.222146674037211
"LASSO",0.353535353535354,0.263848186280541,0.222146674037211
"LASSO",0.363636363636364,0.261832679189316,0.222146674037211
"LASSO",0.373737373737374,0.259910821962604,0.222146674037211
"LASSO",0.383838383838384,0.246346441234125,0.222146674037211
"LASSO",0.393939393939394,0.242685857088133,0.222146674037211
"LASSO",0.404040404040404,0.240199899193932,0.222146674037211
"LASSO",0.414141414141414,0.233186143113107,0.222146674037211
"LASSO",0.424242424242424,0.224442343373388,0.222146674037211
"LASSO",0.434343434343434,0.212009346618197,0.222146674037211
"LASSO",0.444444444444444,0.208933548520612,0.222146674037211
"LASSO",0.454545454545455,0.206942605031206,0.222146674037211
"LASSO",0.464646464646465,0.204193363307665,0.222146674037211
"LASSO",0.474747474747475,0.202069468652527,0.222146674037211
"LASSO",0.484848484848485,0.198650544259074,0.222146674037211
"LASSO",0.494949494949495,0.193954962794166,0.222146674037211
"LASSO",0.505050505050505,0.192518428574444,0.222146674037211
"LASSO",0.515151515151515,0.192172246736674,0.222146674037211
"LASSO",0.525252525252525,0.190303784764431,0.222146674037211
"LASSO",0.535353535353535,0.190051150034502,0.222146674037211
"LASSO",0.545454545454546,0.189808482009071,0.222146674037211
"LASSO",0.555555555555556,0.185542060277909,0.222146674037211
"LASSO",0.565656565656566,0.183846963182778,0.222146674037211
"LASSO",0.575757575757576,0.183079250035505,0.222146674037211
"LASSO",0.585858585858586,0.179664977817556,0.222146674037211
"LASSO",0.595959595959596,0.177390489889667,0.222146674037211
"LASSO",0.606060606060606,0.171575174715992,0.222146674037211
"LASSO",0.616161616161616,0.166832729256128,0.222146674037211
"LASSO",0.626262626262626,0.163086222848787,0.222146674037211
"LASSO",0.636363636363636,0.161240755792802,0.222146674037211
"LASSO",0.646464646464647,0.15230765671197,0.222146674037211
"LASSO",0.656565656565657,0.142799124913429,0.222146674037211
"LASSO",0.666666666666667,0.133483434014895,0.222146674037211
"LASSO",0.676767676767677,0.129983017991683,0.222146674037211
"LASSO",0.686868686868687,0.126781643713166,0.222146674037211
"LASSO",0.696969696969697,0.124854110002366,0.222146674037211
"LASSO",0.707070707070707,0.124090119893427,0.222146674037211
"LASSO",0.717171717171717,0.117725920341147,0.222146674037211
"LASSO",0.727272727272727,0.107062105932178,0.222146674037211
"LASSO",0.737373737373737,0.102121977670638,0.222146674037211
"LASSO",0.747474747474748,0.0929737235546712,0.222146674037211
"LASSO",0.757575757575758,0.0821989693059458,0.222146674037211
"LASSO",0.767676767676768,0.0794267758815564,0.222146674037211
"LASSO",0.777777777777778,0.0750272110252287,0.222146674037211
"LASSO",0.787878787878788,0.0737638939988774,0.222146674037211
"LASSO",0.797979797979798,0.0725596646859317,0.222146674037211
"LASSO",0.808080808080808,0.0720303698001714,0.222146674037211
"LASSO",0.818181818181818,0.0704488637985236,0.222146674037211
"LASSO",0.828282828282828,0.0692996746153024,0.222146674037211
"LASSO",0.838383838383838,0.0689229842282747,0.222146674037211
"LASSO",0.848484848484849,0.0677009260807354,0.222146674037211
"LASSO",0.858585858585859,0.0672382409200207,0.222146674037211
"LASSO",0.868686868686869,0.0666169856928455,0.222146674037211
"LASSO",0.878787878787879,0.0653194668305318,0.222146674037211
"LASSO",0.888888888888889,0.0647132271771188,0.222146674037211
"LASSO",0.898989898989899,0.0633938937360022,0.222146674037211
"LASSO",0.909090909090909,0.0599966902656729,0.222146674037211
"LASSO",0.919191919191919,0.0588007075356334,0.222146674037211
"LASSO",0.929292929292929,0.0578153206992793,0.222146674037211
"LASSO",0.93939393939394,0.0549627123312661,0.222146674037211
"LASSO",0.94949494949495,0.0530616998820233,0.222146674037211
"LASSO",0.95959595959596,0.0522983455366246,0.222146674037211
"LASSO",0.96969696969697,0.0513259606955209,0.222146674037211
"LASSO",0.97979797979798,0.0504389501577427,0.222146674037211
"LASSO",0.98989898989899,0.04696181211318,0.222146674037211
"LASSO",1,0.0434765871574012,0.222146674037211
"Random Forest",0,0,0.156281672052508
"Random Forest",0.0101010101010101,0.268853953064479,0.156281672052508
"Random Forest",0.0202020202020202,0.250366917033584,0.156281672052508
"Random Forest",0.0303030303030303,0.233349538162372,0.156281672052508
"Random Forest",0.0404040404040404,0.241383137934862,0.156281672052508
"Random Forest",0.0505050505050505,0.265053062268252,0.156281672052508
"Random Forest",0.0606060606060606,0.261490942482678,0.156281672052508
"Random Forest",0.0707070707070707,0.267323705942632,0.156281672052508
"Random Forest",0.0808080808080808,0.278095095975891,0.156281672052508
"Random Forest",0.0909090909090909,0.289043248998631,0.156281672052508
"Random Forest",0.101010101010101,0.275233333819192,0.156281672052508
"Random Forest",0.111111111111111,0.273185017596782,0.156281672052508
"Random Forest",0.121212121212121,0.268075934273744,0.156281672052508
"Random Forest",0.131313131313131,0.260072369080689,0.156281672052508
"Random Forest",0.141414141414141,0.252934186732096,0.156281672052508
"Random Forest",0.151515151515152,0.25110995755974,0.156281672052508
"Random Forest",0.161616161616162,0.25582651438674,0.156281672052508
"Random Forest",0.171717171717172,0.254666810970197,0.156281672052508
"Random Forest",0.181818181818182,0.251570747260402,0.156281672052508
"Random Forest",0.191919191919192,0.242476531196578,0.156281672052508
"Random Forest",0.202020202020202,0.240885457989894,0.156281672052508
"Random Forest",0.212121212121212,0.245209726633875,0.156281672052508
"Random Forest",0.222222222222222,0.244651429568947,0.156281672052508
"Random Forest",0.232323232323232,0.24553417736884,0.156281672052508
"Random Forest",0.242424242424242,0.245895936540356,0.156281672052508
"Random Forest",0.252525252525253,0.240419164420979,0.156281672052508
"Random Forest",0.262626262626263,0.235841353980087,0.156281672052508
"Random Forest",0.272727272727273,0.239888871739466,0.156281672052508
"Random Forest",0.282828282828283,0.236694240954092,0.156281672052508
"Random Forest",0.292929292929293,0.234304105450712,0.156281672052508
"Random Forest",0.303030303030303,0.233503467900448,0.156281672052508
"Random Forest",0.313131313131313,0.23254784387672,0.156281672052508
"Random Forest",0.323232323232323,0.233314756763033,0.156281672052508
"Random Forest",0.333333333333333,0.225596382557406,0.156281672052508
"Random Forest",0.343434343434343,0.225346450825558,0.156281672052508
"Random Forest",0.353535353535354,0.225325189203152,0.156281672052508
"Random Forest",0.363636363636364,0.209002401918646,0.156281672052508
"Random Forest",0.373737373737374,0.203009577142111,0.156281672052508
"Random Forest",0.383838383838384,0.201971812947312,0.156281672052508
"Random Forest",0.393939393939394,0.195626453014091,0.156281672052508
"Random Forest",0.404040404040404,0.194074659345027,0.156281672052508
"Random Forest",0.414141414141414,0.187268686211604,0.156281672052508
"Random Forest",0.424242424242424,0.175105714525234,0.156281672052508
"Random Forest",0.434343434343434,0.168784020523654,0.156281672052508
"Random Forest",0.444444444444444,0.165948618442329,0.156281672052508
"Random Forest",0.454545454545455,0.162145483382597,0.156281672052508
"Random Forest",0.464646464646465,0.161530890411571,0.156281672052508
"Random Forest",0.474747474747475,0.156485690529584,0.156281672052508
"Random Forest",0.484848484848485,0.147285302136905,0.156281672052508
"Random Forest",0.494949494949495,0.145708450364991,0.156281672052508
"Random Forest",0.505050505050505,0.142700535712256,0.156281672052508
"Random Forest",0.515151515151515,0.138299633844841,0.156281672052508
"Random Forest",0.525252525252525,0.136311033968531,0.156281672052508
"Random Forest",0.535353535353535,0.135701908680906,0.156281672052508
"Random Forest",0.545454545454546,0.131769811356494,0.156281672052508
"Random Forest",0.555555555555556,0.126492584822533,0.156281672052508
"Random Forest",0.565656565656566,0.126949657018456,0.156281672052508
"Random Forest",0.575757575757576,0.124401144951113,0.156281672052508
"Random Forest",0.585858585858586,0.117865302587984,0.156281672052508
"Random Forest",0.595959595959596,0.113443693150986,0.156281672052508
"Random Forest",0.606060606060606,0.110281327642213,0.156281672052508
"Random Forest",0.616161616161616,0.104242649076678,0.156281672052508
"Random Forest",0.626262626262626,0.103116834884141,0.156281672052508
"Random Forest",0.636363636363636,0.102437086779795,0.156281672052508
"Random Forest",0.646464646464647,0.0981572381250842,0.156281672052508
"Random Forest",0.656565656565657,0.0925839095203092,0.156281672052508
"Random Forest",0.666666666666667,0.089524860277904,0.156281672052508
"Random Forest",0.676767676767677,0.0880874588388878,0.156281672052508
"Random Forest",0.686868686868687,0.0858991711378458,0.156281672052508
"Random Forest",0.696969696969697,0.0841850397664351,0.156281672052508
"Random Forest",0.707070707070707,0.0829539606556423,0.156281672052508
"Random Forest",0.717171717171717,0.0809670529860379,0.156281672052508
"Random Forest",0.727272727272727,0.0790758561188015,0.156281672052508
"Random Forest",0.737373737373737,0.0777944505739393,0.156281672052508
"Random Forest",0.747474747474748,0.0758378704703929,0.156281672052508
"Random Forest",0.757575757575758,0.070210939029424,0.156281672052508
"Random Forest",0.767676767676768,0.0692220067486008,0.156281672052508
"Random Forest",0.777777777777778,0.0678004878477982,0.156281672052508
"Random Forest",0.787878787878788,0.0659043011489904,0.156281672052508
"Random Forest",0.797979797979798,0.0654371458767486,0.156281672052508
"Random Forest",0.808080808080808,0.0642723326842938,0.156281672052508
"Random Forest",0.818181818181818,0.0634596030035561,0.156281672052508
"Random Forest",0.828282828282828,0.0628050144560049,0.156281672052508
"Random Forest",0.838383838383838,0.0620021029336485,0.156281672052508
"Random Forest",0.848484848484849,0.0586295392428157,0.156281672052508
"Random Forest",0.858585858585859,0.0561452799738374,0.156281672052508
"Random Forest",0.868686868686869,0.0554607865859272,0.156281672052508
"Random Forest",0.878787878787879,0.054564912934425,0.156281672052508
"Random Forest",0.888888888888889,0.0531961728728481,0.156281672052508
"Random Forest",0.898989898989899,0.052220842989008,0.156281672052508
"Random Forest",0.909090909090909,0.0513819927702572,0.156281672052508
"Random Forest",0.919191919191919,0.0500642632106207,0.156281672052508
"Random Forest",0.929292929292929,0.0493941844132387,0.156281672052508
"Random Forest",0.93939393939394,0.0485401154219905,0.156281672052508
"Random Forest",0.94949494949495,0.0477986104613531,0.156281672052508
"Random Forest",0.95959595959596,0.0467409114130374,0.156281672052508
"Random Forest",0.96969696969697,0.0450328335305653,0.156281672052508
"Random Forest",0.97979797979798,0.0443630883776329,0.156281672052508
"Random Forest",0.98989898989899,0.0439359884388163,0.156281672052508
"Random Forest",1,0.0434590607370061,0.156281672052508
"MLP",0,0,0.151130377380329
"MLP",0.0101010101010101,0.172814855075819,0.151130377380329
"MLP",0.0202020202020202,0.222191344817184,0.151130377380329
"MLP",0.0303030303030303,0.272782269152505,0.151130377380329
"MLP",0.0404040404040404,0.272841350286266,0.151130377380329
"MLP",0.0505050505050505,0.286136068740768,0.151130377380329
"MLP",0.0606060606060606,0.282558507980873,0.151130377380329
"MLP",0.0707070707070707,0.276573621579493,0.151130377380329
"MLP",0.0808080808080808,0.281926928459628,0.151130377380329
"MLP",0.0909090909090909,0.29816458085623,0.151130377380329
"MLP",0.101010101010101,0.301365088377247,0.151130377380329
"MLP",0.111111111111111,0.30970895593744,0.151130377380329
"MLP",0.121212121212121,0.302911312643393,0.151130377380329
"MLP",0.131313131313131,0.308682802761482,0.151130377380329
"MLP",0.141414141414141,0.278352809464784,0.151130377380329
"MLP",0.151515151515152,0.283842842834961,0.151130377380329
"MLP",0.161616161616162,0.291684301102401,0.151130377380329
"MLP",0.171717171717172,0.285525539090446,0.151130377380329
"MLP",0.181818181818182,0.284857515799996,0.151130377380329
"MLP",0.191919191919192,0.261323905570688,0.151130377380329
"MLP",0.202020202020202,0.261253791440285,0.151130377380329
"MLP",0.212121212121212,0.257233505520517,0.151130377380329
"MLP",0.222222222222222,0.254575955253127,0.151130377380329
"MLP",0.232323232323232,0.250159463192523,0.151130377380329
"MLP",0.242424242424242,0.251722181199563,0.151130377380329
"MLP",0.252525252525253,0.235292388722479,0.151130377380329
"MLP",0.262626262626263,0.232847805033485,0.151130377380329
"MLP",0.272727272727273,0.233367265996186,0.151130377380329
"MLP",0.282828282828283,0.226491316419555,0.151130377380329
"MLP",0.292929292929293,0.230697638103522,0.151130377380329
"MLP",0.303030303030303,0.225011767511643,0.151130377380329
"MLP",0.313131313131313,0.220383405427524,0.151130377380329
"MLP",0.323232323232323,0.209290591634842,0.151130377380329
"MLP",0.333333333333333,0.20643138837094,0.151130377380329
"MLP",0.343434343434343,0.201938238517735,0.151130377380329
"MLP",0.353535353535354,0.19335701797169,0.151130377380329
"MLP",0.363636363636364,0.192994624817714,0.151130377380329
"MLP",0.373737373737374,0.189988946018567,0.151130377380329
"MLP",0.383838383838384,0.17411737440445,0.151130377380329
"MLP",0.393939393939394,0.174377430007269,0.151130377380329
"MLP",0.404040404040404,0.171626715315286,0.151130377380329
"MLP",0.414141414141414,0.169723886398871,0.151130377380329
"MLP",0.424242424242424,0.166784572156841,0.151130377380329
"MLP",0.434343434343434,0.157603942611951,0.151130377380329
"MLP",0.444444444444444,0.153764021055847,0.151130377380329
"MLP",0.454545454545455,0.146341157744451,0.151130377380329
"MLP",0.464646464646465,0.139073498693522,0.151130377380329
"MLP",0.474747474747475,0.138508119876641,0.151130377380329
"MLP",0.484848484848485,0.129853734353855,0.151130377380329
"MLP",0.494949494949495,0.125348255681259,0.151130377380329
"MLP",0.505050505050505,0.122216379930362,0.151130377380329
"MLP",0.515151515151515,0.11985161234743,0.151130377380329
"MLP",0.525252525252525,0.117082019289443,0.151130377380329
"MLP",0.535353535353535,0.116998613005821,0.151130377380329
"MLP",0.545454545454546,0.11185767003236,0.151130377380329
"MLP",0.555555555555556,0.108847522665919,0.151130377380329
"MLP",0.565656565656566,0.105072954217345,0.151130377380329
"MLP",0.575757575757576,0.102110311023785,0.151130377380329
"MLP",0.585858585858586,0.101709387806763,0.151130377380329
"MLP",0.595959595959596,0.0997550151414248,0.151130377380329
"MLP",0.606060606060606,0.0931755429938425,0.151130377380329
"MLP",0.616161616161616,0.0925560176647872,0.151130377380329
"MLP",0.626262626262626,0.0919563748717645,0.151130377380329
"MLP",0.636363636363636,0.0890093426826191,0.151130377380329
"MLP",0.646464646464647,0.0887871103600555,0.151130377380329
"MLP",0.656565656565657,0.0867973133951064,0.151130377380329
"MLP",0.666666666666667,0.0853666728489726,0.151130377380329
"MLP",0.676767676767677,0.0837825356612263,0.151130377380329
"MLP",0.686868686868687,0.0814130088099577,0.151130377380329
"MLP",0.696969696969697,0.0801984280443828,0.151130377380329
"MLP",0.707070707070707,0.0783050173638977,0.151130377380329
"MLP",0.717171717171717,0.076926569940073,0.151130377380329
"MLP",0.727272727272727,0.0754218407694216,0.151130377380329
"MLP",0.737373737373737,0.0741471987792685,0.151130377380329
"MLP",0.747474747474748,0.0712777882500378,0.151130377380329
"MLP",0.757575757575758,0.0701688647590492,0.151130377380329
"MLP",0.767676767676768,0.0685610119705772,0.151130377380329
"MLP",0.777777777777778,0.0678646395621915,0.151130377380329
"MLP",0.787878787878788,0.0663580684748383,0.151130377380329
"MLP",0.797979797979798,0.0641532349395097,0.151130377380329
"MLP",0.808080808080808,0.0635456546358115,0.151130377380329
"MLP",0.818181818181818,0.0598346454718468,0.151130377380329
"MLP",0.828282828282828,0.058807254947762,0.151130377380329
"MLP",0.838383838383838,0.0580739969714737,0.151130377380329
"MLP",0.848484848484849,0.05660219733973,0.151130377380329
"MLP",0.858585858585859,0.0561719856026279,0.151130377380329
"MLP",0.868686868686869,0.0535565923083143,0.151130377380329
"MLP",0.878787878787879,0.052717767614719,0.151130377380329
"MLP",0.888888888888889,0.052348849988303,0.151130377380329
"MLP",0.898989898989899,0.0511308412306604,0.151130377380329
"MLP",0.909090909090909,0.0496058233523445,0.151130377380329
"MLP",0.919191919191919,0.0486338468187691,0.151130377380329
"MLP",0.929292929292929,0.0473446992523279,0.151130377380329
"MLP",0.93939393939394,0.0466573326372419,0.151130377380329
"MLP",0.94949494949495,0.0459603057902854,0.151130377380329
"MLP",0.95959595959596,0.0445306344592567,0.151130377380329
"MLP",0.96969696969697,0.0443496744796955,0.151130377380329
"MLP",0.97979797979798,0.0442773106528369,0.151130377380329
"MLP",0.98989898989899,0.0438423720373302,0.151130377380329
"MLP",1,0.0434693842872985,0.151130377380329
"GAM",0,0,0.159464561069258
"GAM",0.0101010101010101,0.304020598138245,0.159464561069258
"GAM",0.0202020202020202,0.365877160061413,0.159464561069258
"GAM",0.0303030303030303,0.319863838788115,0.159464561069258
"GAM",0.0404040404040404,0.331493031256448,0.159464561069258
"GAM",0.0505050505050505,0.333360032763147,0.159464561069258
"GAM",0.0606060606060606,0.351997935859019,0.159464561069258
"GAM",0.0707070707070707,0.35899794626158,0.159464561069258
"GAM",0.0808080808080808,0.360489322726291,0.159464561069258
"GAM",0.0909090909090909,0.361376081689537,0.159464561069258
"GAM",0.101010101010101,0.37106896044156,0.159464561069258
"GAM",0.111111111111111,0.350049869301288,0.159464561069258
"GAM",0.121212121212121,0.319876446054174,0.159464561069258
"GAM",0.131313131313131,0.299630972734503,0.159464561069258
"GAM",0.141414141414141,0.291415032427225,0.159464561069258
"GAM",0.151515151515152,0.293945693402796,0.159464561069258
"GAM",0.161616161616162,0.28618253352355,0.159464561069258
"GAM",0.171717171717172,0.28352287601394,0.159464561069258
"GAM",0.181818181818182,0.277184464320316,0.159464561069258
"GAM",0.191919191919192,0.271372583808707,0.159464561069258
"GAM",0.202020202020202,0.265211546166132,0.159464561069258
"GAM",0.212121212121212,0.247784599942197,0.159464561069258
"GAM",0.222222222222222,0.245670163139642,0.159464561069258
"GAM",0.232323232323232,0.244882252597717,0.159464561069258
"GAM",0.242424242424242,0.224895595876752,0.159464561069258
"GAM",0.252525252525253,0.221777214667075,0.159464561069258
"GAM",0.262626262626263,0.217122508744743,0.159464561069258
"GAM",0.272727272727273,0.21708906307102,0.159464561069258
"GAM",0.282828282828283,0.215994226616117,0.159464561069258
"GAM",0.292929292929293,0.215568068817453,0.159464561069258
"GAM",0.303030303030303,0.21112529491193,0.159464561069258
"GAM",0.313131313131313,0.200038338321919,0.159464561069258
"GAM",0.323232323232323,0.1976204567352,0.159464561069258
"GAM",0.333333333333333,0.196898083849873,0.159464561069258
"GAM",0.343434343434343,0.191468066291733,0.159464561069258
"GAM",0.353535353535354,0.19258233657798,0.159464561069258
"GAM",0.363636363636364,0.187761449757443,0.159464561069258
"GAM",0.373737373737374,0.184783057905605,0.159464561069258
"GAM",0.383838383838384,0.180350101673037,0.159464561069258
"GAM",0.393939393939394,0.173361319724091,0.159464561069258
"GAM",0.404040404040404,0.169594488403508,0.159464561069258
"GAM",0.414141414141414,0.167960152916201,0.159464561069258
"GAM",0.424242424242424,0.162900486226431,0.159464561069258
"GAM",0.434343434343434,0.160589456576463,0.159464561069258
"GAM",0.444444444444444,0.150218760564682,0.159464561069258
"GAM",0.454545454545455,0.147732338596172,0.159464561069258
"GAM",0.464646464646465,0.147180905943597,0.159464561069258
"GAM",0.474747474747475,0.14602080498299,0.159464561069258
"GAM",0.484848484848485,0.140592039701788,0.159464561069258
"GAM",0.494949494949495,0.134672511453246,0.159464561069258
"GAM",0.505050505050505,0.128751744822618,0.159464561069258
"GAM",0.515151515151515,0.122346796623089,0.159464561069258
"GAM",0.525252525252525,0.113252488414298,0.159464561069258
"GAM",0.535353535353535,0.111000454936917,0.159464561069258
"GAM",0.545454545454546,0.110411056398673,0.159464561069258
"GAM",0.555555555555556,0.107500024007365,0.159464561069258
"GAM",0.565656565656566,0.107421173507205,0.159464561069258
"GAM",0.575757575757576,0.106944576620145,0.159464561069258
"GAM",0.585858585858586,0.103986310524556,0.159464561069258
"GAM",0.595959595959596,0.102409151134508,0.159464561069258
"GAM",0.606060606060606,0.10230843311773,0.159464561069258
"GAM",0.616161616161616,0.0978644931040122,0.159464561069258
"GAM",0.626262626262626,0.0906229116133136,0.159464561069258
"GAM",0.636363636363636,0.088490745086515,0.159464561069258
"GAM",0.646464646464647,0.0871204121293713,0.159464561069258
"GAM",0.656565656565657,0.0847943105850492,0.159464561069258
"GAM",0.666666666666667,0.0841613694244487,0.159464561069258
"GAM",0.676767676767677,0.0838431645897661,0.159464561069258
"GAM",0.686868686868687,0.0819644919489794,0.159464561069258
"GAM",0.696969696969697,0.0813057623883348,0.159464561069258
"GAM",0.707070707070707,0.0808277576105792,0.159464561069258
"GAM",0.717171717171717,0.0784851840173881,0.159464561069258
"GAM",0.727272727272727,0.0736306522290804,0.159464561069258
"GAM",0.737373737373737,0.0710928195501293,0.159464561069258
"GAM",0.747474747474748,0.0698862013181859,0.159464561069258
"GAM",0.757575757575758,0.0689080574492208,0.159464561069258
"GAM",0.767676767676768,0.0685230071232818,0.159464561069258
"GAM",0.777777777777778,0.0673291849243782,0.159464561069258
"GAM",0.787878787878788,0.0647720476344378,0.159464561069258
"GAM",0.797979797979798,0.0636231418423897,0.159464561069258
"GAM",0.808080808080808,0.061730963862667,0.159464561069258
"GAM",0.818181818181818,0.0614739935574036,0.159464561069258
"GAM",0.828282828282828,0.0611557325661832,0.159464561069258
"GAM",0.838383838383838,0.0594974866973078,0.159464561069258
"GAM",0.848484848484849,0.0594492086945363,0.159464561069258
"GAM",0.858585858585859,0.057731073824621,0.159464561069258
"GAM",0.868686868686869,0.0576040707829861,0.159464561069258
"GAM",0.878787878787879,0.0556859429586535,0.159464561069258
"GAM",0.888888888888889,0.0550151371766481,0.159464561069258
"GAM",0.898989898989899,0.0545804012418956,0.159464561069258
"GAM",0.909090909090909,0.0542880973561097,0.159464561069258
"GAM",0.919191919191919,0.0538050978039916,0.159464561069258
"GAM",0.929292929292929,0.0537044580587385,0.159464561069258
"GAM",0.93939393939394,0.0535356458100244,0.159464561069258
"GAM",0.94949494949495,0.0499349076017667,0.159464561069258
"GAM",0.95959595959596,0.0486966015581842,0.159464561069258
"GAM",0.96969696969697,0.0480808774963224,0.159464561069258
"GAM",0.97979797979798,0.0457649781834399,0.159464561069258
"GAM",0.98989898989899,0.0448550367698107,0.159464561069258
"GAM",1,0.0434567929077562,0.159464561069258
"XGBoost",0,1,0.608968600026978
"XGBoost",0.0101010101010101,1,0.608968600026978
"XGBoost",0.0202020202020202,1,0.608968600026978
"XGBoost",0.0303030303030303,1,0.608968600026978
"XGBoost",0.0404040404040404,1,0.608968600026978
"XGBoost",0.0505050505050505,1,0.608968600026978
"XGBoost",0.0606060606060606,1,0.608968600026978
"XGBoost",0.0707070707070707,1,0.608968600026978
"XGBoost",0.0808080808080808,1,0.608968600026978
"XGBoost",0.0909090909090909,1,0.608968600026978
"XGBoost",0.101010101010101,1,0.608968600026978
"XGBoost",0.111111111111111,1,0.608968600026978
"XGBoost",0.121212121212121,0.981060606060606,0.608968600026978
"XGBoost",0.131313131313131,0.948232323232323,0.608968600026978
"XGBoost",0.141414141414141,0.920314253647587,0.608968600026978
"XGBoost",0.151515151515152,0.894781144781145,0.608968600026978
"XGBoost",0.161616161616162,0.876849301091725,0.608968600026978
"XGBoost",0.171717171717172,0.861197836955413,0.608968600026978
"XGBoost",0.181818181818182,0.847382920110193,0.608968600026978
"XGBoost",0.191919191919192,0.833853688399143,0.608968600026978
"XGBoost",0.202020202020202,0.83980833980834,0.608968600026978
"XGBoost",0.212121212121212,0.844381762028821,0.608968600026978
"XGBoost",0.222222222222222,0.813665637195049,0.608968600026978
"XGBoost",0.232323232323232,0.782385951013402,0.608968600026978
"XGBoost",0.242424242424242,0.748006677418442,0.608968600026978
"XGBoost",0.252525252525253,0.724142004843759,0.608968600026978
"XGBoost",0.262626262626263,0.731821135329907,0.608968600026978
"XGBoost",0.272727272727273,0.729789349406574,0.608968600026978
"XGBoost",0.282828282828283,0.709414721376444,0.608968600026978
"XGBoost",0.292929292929293,0.697494424767152,0.608968600026978
"XGBoost",0.303030303030303,0.696233937340657,0.608968600026978
"XGBoost",0.313131313131313,0.699238764456156,0.608968600026978
"XGBoost",0.323232323232323,0.705899575464793,0.608968600026978
"XGBoost",0.333333333333333,0.712222222222222,0.608968600026978
"XGBoost",0.343434343434343,0.718350168350168,0.608968600026978
"XGBoost",0.353535353535354,0.718939250050361,0.608968600026978
"XGBoost",0.363636363636364,0.717487697487697,0.608968600026978
"XGBoost",0.373737373737374,0.715954827065938,0.608968600026978
"XGBoost",0.383838383838384,0.714404936627159,0.608968600026978
"XGBoost",0.393939393939394,0.71321092700403,0.608968600026978
"XGBoost",0.404040404040404,0.71182079414838,0.608968600026978
"XGBoost",0.414141414141414,0.698915882967607,0.608968600026978
"XGBoost",0.424242424242424,0.687452735915303,0.608968600026978
"XGBoost",0.434343434343434,0.687043113847927,0.608968600026978
"XGBoost",0.444444444444444,0.68354591976883,0.608968600026978
"XGBoost",0.454545454545455,0.668540502736956,0.608968600026978
"XGBoost",0.464646464646465,0.648093492229059,0.608968600026978
"XGBoost",0.474747474747475,0.615402896400109,0.608968600026978
"XGBoost",0.484848484848485,0.59206713683329,0.608968600026978
"XGBoost",0.494949494949495,0.582540897462948,0.608968600026978
"XGBoost",0.505050505050505,0.568451444663504,0.608968600026978
"XGBoost",0.515151515151515,0.549798778434956,0.608968600026978
"XGBoost",0.525252525252525,0.531877820245957,0.608968600026978
"XGBoost",0.535353535353535,0.514452535245038,0.608968600026978
"XGBoost",0.545454545454546,0.505785123966942,0.608968600026978
"XGBoost",0.555555555555556,0.501010101010101,0.608968600026978
"XGBoost",0.565656565656566,0.503509673001198,0.608968600026978
"XGBoost",0.575757575757576,0.507960965588084,0.608968600026978
"XGBoost",0.585858585858586,0.510313237028991,0.608968600026978
"XGBoost",0.595959595959596,0.512391723103032,0.608968600026978
"XGBoost",0.606060606060606,0.514336383400371,0.608968600026978
"XGBoost",0.616161616161616,0.516108667318345,0.608968600026978
"XGBoost",0.626262626262626,0.515843923101988,0.608968600026978
"XGBoost",0.636363636363636,0.512497180603166,0.608968600026978
"XGBoost",0.646464646464647,0.494425335199235,0.608968600026978
"XGBoost",0.656565656565657,0.480052883692744,0.608968600026978
"XGBoost",0.666666666666667,0.47572164419359,0.608968600026978
"XGBoost",0.676767676767677,0.474321594321594,0.608968600026978
"XGBoost",0.686868686868687,0.478012558012558,0.608968600026978
"XGBoost",0.696969696969697,0.481147773013802,0.608968600026978
"XGBoost",0.707070707070707,0.483634614543705,0.608968600026978
"XGBoost",0.717171717171717,0.481883024825609,0.608968600026978
"XGBoost",0.727272727272727,0.476769920669442,0.608968600026978
"XGBoost",0.737373737373737,0.465189521690428,0.608968600026978
"XGBoost",0.747474747474748,0.450185260746376,0.608968600026978
"XGBoost",0.757575757575758,0.426612379151839,0.608968600026978
"XGBoost",0.767676767676768,0.400183290673806,0.608968600026978
"XGBoost",0.777777777777778,0.391983111463939,0.608968600026978
"XGBoost",0.787878787878788,0.387097279393739,0.608968600026978
"XGBoost",0.797979797979798,0.379654593276327,0.608968600026978
"XGBoost",0.808080808080808,0.372125701813221,0.608968600026978
"XGBoost",0.818181818181818,0.366355228820885,0.608968600026978
"XGBoost",0.828282828282828,0.359599088454665,0.608968600026978
"XGBoost",0.838383838383838,0.346506514970622,0.608968600026978
"XGBoost",0.848484848484849,0.334203773411878,0.608968600026978
"XGBoost",0.858585858585859,0.324533804937466,0.608968600026978
"XGBoost",0.868686868686869,0.318270649362746,0.608968600026978
"XGBoost",0.878787878787879,0.319021520346215,0.608968600026978
"XGBoost",0.888888888888889,0.317376797587293,0.608968600026978
"XGBoost",0.898989898989899,0.312465356088746,0.608968600026978
"XGBoost",0.909090909090909,0.307187554519421,0.608968600026978
"XGBoost",0.919191919191919,0.301570530662339,0.608968600026978
"XGBoost",0.929292929292929,0.297491124642987,0.608968600026978
"XGBoost",0.93939393939394,0.294372729772217,0.608968600026978
"XGBoost",0.94949494949495,0.290575723820968,0.608968600026978
"XGBoost",0.95959595959596,0.286503605269523,0.608968600026978
"XGBoost",0.96969696969697,0.238993035519136,0.608968600026978
"XGBoost",0.97979797979798,0.181139977388048,0.608968600026978
"XGBoost",0.98989898989899,0.123313836892737,0.608968600026978
"XGBoost",1,0.0654905599756989,0.608968600026978
"SVM",0,0,0.35912994137584
"SVM",0.0101010101010101,0.262626262626263,0.35912994137584
"SVM",0.0202020202020202,0.508417508417508,0.35912994137584
"SVM",0.0303030303030303,0.595959595959596,0.35912994137584
"SVM",0.0404040404040404,0.635245681647197,0.35912994137584
"SVM",0.0505050505050505,0.471856559545953,0.35912994137584
"SVM",0.0606060606060606,0.336380620270995,0.35912994137584
"SVM",0.0707070707070707,0.269757198634204,0.35912994137584
"SVM",0.0808080808080808,0.233133834785022,0.35912994137584
"SVM",0.0909090909090909,0.244510563396012,0.35912994137584
"SVM",0.101010101010101,0.246232177578961,0.35912994137584
"SVM",0.111111111111111,0.237526268179626,0.35912994137584
"SVM",0.121212121212121,0.232548118107686,0.35912994137584
"SVM",0.131313131313131,0.230303658209171,0.35912994137584
"SVM",0.141414141414141,0.226381207732766,0.35912994137584
"SVM",0.151515151515152,0.221643733261385,0.35912994137584
"SVM",0.161616161616162,0.218019255523403,0.35912994137584
"SVM",0.171717171717172,0.21472867680544,0.35912994137584
"SVM",0.181818181818182,0.222591362126246,0.35912994137584
"SVM",0.191919191919192,0.23218899963086,0.35912994137584
"SVM",0.202020202020202,0.241367159971811,0.35912994137584
"SVM",0.212121212121212,0.25050505050505,0.35912994137584
"SVM",0.222222222222222,0.259259259259259,0.35912994137584
"SVM",0.232323232323232,0.267954911433172,0.35912994137584
"SVM",0.242424242424242,0.276328502415459,0.35912994137584
"SVM",0.252525252525253,0.284613012642615,0.35912994137584
"SVM",0.262626262626263,0.292630280604379,0.35912994137584
"SVM",0.272727272727273,0.300531914893617,0.35912994137584
"SVM",0.282828282828283,0.308215130023641,0.35912994137584
"SVM",0.292929292929293,0.314242424242424,0.35912994137584
"SVM",0.303030303030303,0.318181818181818,0.35912994137584
"SVM",0.313131313131313,0.323771043771044,0.35912994137584
"SVM",0.323232323232323,0.330774410774411,0.35912994137584
"SVM",0.333333333333333,0.337606837606838,0.35912994137584
"SVM",0.343434343434343,0.344340844340844,0.35912994137584
"SVM",0.353535353535354,0.350889152775945,0.35912994137584
"SVM",0.363636363636364,0.357369046048291,0.35912994137584
"SVM",0.373737373737374,0.3636504810509,0.35912994137584
"SVM",0.383838383838384,0.369890378276122,0.35912994137584
"SVM",0.393939393939394,0.375920824405673,0.35912994137584
"SVM",0.404040404040404,0.381929686475141,0.35912994137584
"SVM",0.414141414141414,0.38772792863702,0.35912994137584
"SVM",0.424242424242424,0.393502696134275,0.35912994137584
"SVM",0.434343434343434,0.399097491202754,0.35912994137584
"SVM",0.444444444444444,0.404651475431875,0.35912994137584
"SVM",0.454545454545455,0.410053346532475,0.35912994137584
"SVM",0.464646464646465,0.414257517705794,0.35912994137584
"SVM",0.474747474747475,0.415766864042726,0.35912994137584
"SVM",0.484848484848485,0.418695148203345,0.35912994137584
"SVM",0.494949494949495,0.423718054865596,0.35912994137584
"SVM",0.505050505050505,0.428659946904262,0.35912994137584
"SVM",0.515151515151515,0.433520824319344,0.35912994137584
"SVM",0.525252525252525,0.438289707106911,0.35912994137584
"SVM",0.535353535353535,0.44299627095326,0.35912994137584
"SVM",0.545454545454546,0.44760101010101,0.35912994137584
"SVM",0.555555555555556,0.45216049382716,0.35912994137584
"SVM",0.565656565656566,0.456609362859363,0.35912994137584
"SVM",0.575757575757576,0.461028554778555,0.35912994137584
"SVM",0.585858585858586,0.462071924758492,0.35912994137584
"SVM",0.595959595959596,0.462674970137657,0.35912994137584
"SVM",0.606060606060606,0.466757123473541,0.35912994137584
"SVM",0.616161616161616,0.470898240719213,0.35912994137584
"SVM",0.626262626262626,0.474928311245447,0.35912994137584
"SVM",0.636363636363636,0.478938452851496,0.35912994137584
"SVM",0.646464646464647,0.482853378505552,0.35912994137584
"SVM",0.656565656565657,0.485770402437069,0.35912994137584
"SVM",0.666666666666667,0.485978835978836,0.35912994137584
"SVM",0.676767676767677,0.487462140430177,0.35912994137584
"SVM",0.686868686868687,0.491159694356041,0.35912994137584
"SVM",0.696969696969697,0.494811124948111,0.35912994137584
"SVM",0.707070707070707,0.498408744984087,0.35912994137584
"SVM",0.717171717171717,0.501952861952862,0.35912994137584
"SVM",0.727272727272727,0.505454545454545,0.35912994137584
"SVM",0.737373737373737,0.50889597731703,0.35912994137584
"SVM",0.747474747474748,0.51230551125288,0.35912994137584
"SVM",0.757575757575758,0.513024986709197,0.35912994137584
"SVM",0.767676767676768,0.512847776005671,0.35912994137584
"SVM",0.777777777777778,0.515561325687908,0.35912994137584
"SVM",0.787878787878788,0.518800468167557,0.35912994137584
"SVM",0.797979797979798,0.512716761890597,0.35912994137584
"SVM",0.808080808080808,0.505486538212422,0.35912994137584
"SVM",0.818181818181818,0.483863045968068,0.35912994137584
"SVM",0.828282828282828,0.454784818666013,0.35912994137584
"SVM",0.838383838383838,0.37778329456446,0.35912994137584
"SVM",0.848484848484849,0.308083517347121,0.35912994137584
"SVM",0.858585858585859,0.262722896410497,0.35912994137584
"SVM",0.868686868686869,0.230223784278028,0.35912994137584
"SVM",0.878787878787879,0.22420424909529,0.35912994137584
"SVM",0.888888888888889,0.216756219824791,0.35912994137584
"SVM",0.898989898989899,0.207360244070982,0.35912994137584
"SVM",0.909090909090909,0.198290079423968,0.35912994137584
"SVM",0.919191919191919,0.189521591727691,0.35912994137584
"SVM",0.929292929292929,0.171229890347301,0.35912994137584
"SVM",0.93939393939394,0.146986180414342,0.35912994137584
"SVM",0.94949494949495,0.129339987833925,0.35912994137584
"SVM",0.95959595959596,0.114368464450484,0.35912994137584
"SVM",0.96969696969697,0.104095532016587,0.35912994137584
"SVM",0.97979797979798,0.0949413117135346,0.35912994137584
"SVM",0.98989898989899,0.0769058628632663,0.35912994137584
"SVM",1,0.057925602465422,0.35912994137584
