"FPR","LASSO (AUC=0.79)","SVM (AUC=0.74)","BLR (AUC=0.73)","GAM (AUC=0.75)","GBM (AUC=0.71)","MLP (AUC=0.73)"
0,0,0,0,0,0.000961538461538462,0.000961538461538462
0.0101010101010101,0.133323620823621,0.0108197358197358,0.140423465423466,0.0403846153846154,0.106400543900544,0.0865384615384615
0.0202020202020202,0.211538461538462,0.0173076923076923,0.166355866355866,0.0972659285159283,0.162441724941724,0.164724164724164
0.0303030303030303,0.259615384615385,0.0397144522144522,0.180769230769231,0.157604895104893,0.215384615384615,0.223076923076923
0.0404040404040404,0.317307692307692,0.0519327894327895,0.196212121212121,0.201923076923077,0.248076923076923,0.265384615384615
0.0505050505050505,0.358236208236209,0.0663947163947163,0.230312742812743,0.253846153846154,0.278846153846154,0.309615384615385
0.0606060606060606,0.396095571095571,0.0996212121212121,0.268356643356643,0.292191142191142,0.298076923076923,0.342307692307692
0.0707070707070707,0.428846153846154,0.148368298368298,0.275291375291375,0.319230769230769,0.309615384615385,0.376923076923077
0.0808080808080808,0.45,0.179351204351204,0.294230769230769,0.344230769230769,0.340384615384615,0.405769230769231
0.0909090909090909,0.492307692307692,0.27534965034965,0.321503496503496,0.369230769230769,0.363461538461538,0.421153846153846
0.101010101010101,0.515384615384615,0.316394716394716,0.366394716394716,0.390384615384615,0.380769230769231,0.436538461538462
0.111111111111111,0.534615384615385,0.390705128205128,0.394337606837607,0.417307692307692,0.398076923076923,0.45
0.121212121212121,0.553846153846154,0.467307692307692,0.41544289044289,0.432692307692308,0.407692307692308,0.457692307692308
0.131313131313131,0.575,0.474310411810412,0.428972416472417,0.447183372183373,0.428846153846154,0.475
0.141414141414141,0.584615384615385,0.513014763014763,0.440967365967366,0.478846153846154,0.444230769230769,0.488461538461538
0.151515151515152,0.592307692307692,0.523076923076923,0.445745920745921,0.498004079254079,0.451923076923077,0.496153846153846
0.161616161616162,0.594230769230769,0.532808857808858,0.458770396270396,0.513947163947164,0.461538461538462,0.509615384615385
0.171717171717172,0.605769230769231,0.541792929292929,0.465666278166278,0.534615384615385,0.476923076923077,0.526923076923077
0.181818181818182,0.615384615384615,0.55,0.475087412587413,0.545979020979021,0.486538461538462,0.540384615384615
0.191919191919192,0.620951825951826,0.563073038073038,0.481536519036519,0.557692307692308,0.501923076923077,0.553846153846154
0.202020202020202,0.621153846153846,0.57024087024087,0.494327894327894,0.571153846153846,0.513461538461538,0.561538461538462
0.212121212121212,0.626923076923077,0.574912587412587,0.514714452214452,0.584615384615385,0.517307692307692,0.567307692307692
0.222222222222222,0.633119658119658,0.579380341880342,0.516880341880342,0.601923076923077,0.522542735042735,0.573076923076923
0.232323232323232,0.636538461538461,0.584615384615385,0.526738539238539,0.615384615384615,0.534615384615385,0.588461538461538
0.242424242424242,0.648805361305362,0.595483682983683,0.539831002331002,0.623076923076923,0.548805361305362,0.596153846153846
0.252525252525253,0.655769230769231,0.608595571095571,0.554632867132867,0.630769230769231,0.557692307692308,0.6
0.262626262626263,0.667307692307692,0.619900932400932,0.594900932400932,0.640384615384615,0.565384615384615,0.612567987567988
0.272727272727273,0.675,0.623863636363636,0.617395104895105,0.659615384615385,0.576923076923077,0.625
0.282828282828283,0.684615384615385,0.631381118881119,0.628846153846154,0.663461538461538,0.582692307692308,0.630769230769231
0.292929292929293,0.692307692307692,0.647426184926185,0.655089355089355,0.671153846153846,0.590384615384615,0.638461538461538
0.303030303030303,0.701923076923077,0.659615384615385,0.671445221445221,0.673076923076923,0.601923076923077,0.642307692307692
0.313131313131313,0.701923076923077,0.665384615384615,0.683323620823621,0.678846153846154,0.607692307692308,0.65
0.323232323232323,0.707692307692308,0.668502331002331,0.693424630924631,0.684615384615385,0.616355866355867,0.667307692307692
0.333333333333333,0.721153846153846,0.676923076923077,0.7,0.690384615384615,0.627564102564103,0.673076923076923
0.343434343434343,0.732692307692308,0.692307692307692,0.704972804972805,0.696153846153846,0.638461538461538,0.676923076923077
0.353535353535354,0.742307692307692,0.693113830613831,0.720532245532246,0.701923076923077,0.646153846153846,0.680769230769231
0.363636363636364,0.746153846153846,0.696153846153846,0.727185314685315,0.710227272727272,0.657692307692308,0.688461538461538
0.373737373737374,0.755769230769231,0.698407148407148,0.737859362859363,0.721153846153846,0.665384615384615,0.692307692307692
0.383838383838384,0.769230769230769,0.705769230769231,0.748076923076923,0.726923076923077,0.675,0.698076923076923
0.393939393939394,0.773076923076923,0.72004662004662,0.751777389277389,0.736538461538462,0.678467365967367,0.705390442890444
0.404040404040404,0.778846153846154,0.732983682983683,0.755001942501943,0.742307692307692,0.684615384615385,0.709615384615385
0.414141414141414,0.786538461538462,0.74264763014763,0.758032245532246,0.748076923076923,0.696153846153846,0.719230769230769
0.424242424242424,0.788461538461538,0.747319347319347,0.763286713286713,0.751923076923077,0.703846153846154,0.723076923076923
0.434343434343434,0.8,0.756458818958819,0.769094794094794,0.755769230769231,0.711538461538462,0.728846153846154
0.444444444444444,0.803846153846154,0.75982905982906,0.775213675213675,0.761538461538461,0.715384615384615,0.734508547008548
0.454545454545455,0.809615384615385,0.770541958041958,0.776923076923077,0.767307692307692,0.723076923076923,0.749562937062938
0.464646464646465,0.813461538461538,0.773076923076923,0.778846153846154,0.776923076923077,0.728846153846154,0.755769230769231
0.474747474747475,0.821153846153846,0.784615384615385,0.778846153846154,0.784615384615385,0.740384615384615,0.759615384615385
0.484848484848485,0.823076923076923,0.784731934731935,0.792307692307692,0.790384615384615,0.744230769230769,0.761538461538461
0.494949494949495,0.834615384615385,0.794706682206682,0.798076923076923,0.792307692307692,0.746153846153846,0.769230769230769
0.505050505050505,0.838461538461538,0.798076923076923,0.798076923076923,0.796153846153846,0.757692307692308,0.771153846153846
0.515151515151515,0.848076923076923,0.809265734265734,0.800728438228438,0.811538461538462,0.765384615384615,0.771620046620047
0.525252525252525,0.851923076923077,0.812626262626263,0.814801864801865,0.821153846153846,0.767307692307692,0.778846153846154
0.535353535353535,0.853846153846154,0.815753690753691,0.821153846153846,0.828651903651904,0.771153846153846,0.782692307692308
0.545454545454546,0.855769230769231,0.819842657342657,0.830681818181818,0.836538461538462,0.773076923076923,0.788461538461538
0.555555555555556,0.859615384615385,0.826923076923077,0.840598290598291,0.84337606837607,0.779914529914531,0.790384615384615
0.565656565656566,0.871153846153846,0.838461538461538,0.85027195027195,0.851923076923077,0.788461538461538,0.796153846153846
0.575757575757576,0.875407925407926,0.841142191142191,0.869609557109557,0.853846153846154,0.794230769230769,0.801369463869465
0.585858585858586,0.884615384615385,0.846153846153846,0.884615384615385,0.861538461538462,0.794230769230769,0.805769230769231
0.595959595959596,0.888461538461538,0.846153846153846,0.887402874902875,0.861538461538462,0.803846153846154,0.809615384615385
0.606060606060606,0.892307692307692,0.846153846153846,0.891928904428904,0.863461538461539,0.809615384615385,0.815384615384615
0.616161616161616,0.896153846153846,0.846930846930847,0.901923076923077,0.867307692307692,0.815384615384615,0.819230769230769
0.626262626262626,0.903846153846154,0.851923076923077,0.908954933954934,0.867307692307692,0.823076923076923,0.821153846153846
0.636363636363636,0.903846153846154,0.853846153846154,0.909615384615385,0.871153846153846,0.825,0.823076923076923
0.646464646464647,0.911538461538462,0.860732323232323,0.911538461538462,0.882692307692308,0.830769230769231,0.826923076923077
0.656565656565657,0.911538461538462,0.865219502719503,0.911936674436674,0.884615384615385,0.840384615384615,0.832692307692308
0.666666666666667,0.913461538461538,0.868910256410256,0.924038461538462,0.890384615384615,0.844230769230769,0.836538461538462
0.676767676767677,0.917307692307692,0.876923076923077,0.927806915306915,0.892307692307692,0.851923076923077,0.840384615384615
0.686868686868687,0.919230769230769,0.880934343434344,0.930769230769231,0.9,0.85893550893551,0.848076923076923
0.696969696969697,0.919230769230769,0.883100233100233,0.934615384615385,0.901923076923077,0.863461538461539,0.848076923076923
0.707070707070707,0.921153846153846,0.886538461538461,0.934615384615385,0.905769230769231,0.867307692307692,0.855769230769231
0.717171717171717,0.923809246309246,0.892307692307692,0.937432012432012,0.911538461538462,0.871153846153846,0.857692307692308
0.727272727272727,0.928846153846154,0.892307692307692,0.942307692307692,0.913461538461538,0.875,0.863461538461539
0.737373737373737,0.932692307692308,0.894230769230769,0.944230769230769,0.915384615384615,0.884615384615385,0.867307692307692
0.747474747474748,0.934615384615385,0.902583527583528,0.944230769230769,0.917307692307692,0.886538461538461,0.871153846153846
0.757575757575758,0.934615384615385,0.907692307692308,0.944230769230769,0.917307692307692,0.892307692307692,0.875
0.767676767676768,0.940384615384615,0.907692307692308,0.944415306915307,0.923076923076923,0.9,0.880672105672107
0.777777777777778,0.940384615384615,0.910042735042735,0.946153846153846,0.925,0.903846153846154,0.884615384615385
0.787878787878788,0.944230769230769,0.915384615384615,0.947785547785548,0.925,0.903846153846154,0.892307692307692
0.797979797979798,0.946153846153846,0.916297591297591,0.95,0.932692307692308,0.907692307692308,0.898076923076923
0.808080808080808,0.948076923076923,0.921153846153846,0.95,0.932692307692308,0.925,0.901923076923077
0.818181818181818,0.951923076923077,0.923076923076923,0.951398601398601,0.936538461538462,0.930769230769231,0.907692307692308
0.828282828282828,0.953846153846154,0.923756798756799,0.953846153846154,0.938461538461538,0.930769230769231,0.911538461538462
0.838383838383838,0.957692307692308,0.925922688422689,0.957692307692308,0.942307692307692,0.934615384615385,0.913461538461538
0.848484848484849,0.959615384615385,0.929050116550117,0.959615384615385,0.942307692307692,0.934615384615385,0.915384615384615
0.858585858585859,0.959615384615385,0.931216006216006,0.959615384615385,0.944230769230769,0.936538461538462,0.917307692307692
0.868686868686869,0.961538461538462,0.940384615384615,0.959615384615385,0.946153846153846,0.936538461538462,0.928846153846154
0.878787878787879,0.967307692307692,0.944230769230769,0.959615384615385,0.948076923076923,0.942307692307692,0.935693473193474
0.888888888888889,0.969230769230769,0.95,0.964636752136752,0.951923076923077,0.946153846153846,0.942307692307692
0.898989898989899,0.971153846153846,0.950456487956488,0.967307692307692,0.955225330225331,0.948076923076923,0.946153846153846
0.909090909090909,0.976923076923077,0.953846153846154,0.967307692307692,0.957692307692308,0.951923076923077,0.959615384615385
0.919191919191919,0.978846153846154,0.958634421134421,0.967307692307692,0.961538461538462,0.961538461538462,0.963218725718726
0.929292929292929,0.978846153846154,0.959615384615385,0.970415695415696,0.967307692307692,0.961538461538462,0.971153846153846
0.93939393939394,0.978846153846154,0.9629662004662,0.973076923076923,0.967307692307692,0.963461538461538,0.971153846153846
0.94949494949495,0.982692307692308,0.965384615384615,0.975,0.973076923076923,0.971153846153846,0.975
0.95959595959596,0.988461538461539,0.965384615384615,0.977874902874903,0.975,0.975,0.982692307692308
0.96969696969697,0.988461538461539,0.967540792540793,0.985314685314685,0.975,0.976923076923077,0.984615384615385
0.97979797979798,0.994230769230769,0.971629759129759,0.992307692307692,0.980769230769231,0.984615384615385,0.984615384615385
0.98989898989899,0.996153846153846,0.976680264180264,0.998795648795649,0.986538461538462,0.986538461538462,0.990384615384615
1,1,0.995192307692308,1,1,1,1
